Title,Price,Genre,Platform,Classification
Just Cause 4 (preowned),22.00,Action,Xbox One,PG
Sea of Thieves (preowned),29.00,Action,Xbox One,G
Far Cry 5,24.97,Action,Xbox One,PG
Watch_Dogs (preowned),7.00,Action,Xbox One,PG
LEGO Batman 2: DC Super Heroes (preowned),18.00,Action,Nintendo Wii U,MA
Star Wars: The Force Unleashed II (preowned),18.00,Action,Xbox One,G
New Super Mario Bros U with Super Luigi U (preowned),36.00,Action,Nintendo Wii U,PG
Batman: The Brave and the Bold the Videogame (preowned),18.00,Action,Nintendo Wii,G
Pokemon Moon (preowned),17.00,Action,Nintendo 3DS,M
Far Cry 5,24.97,Action,PlayStation 4,PG
Assassin's Creed: Syndicate (preowned),12.00,Action,PlayStation 4,G
Deadpool (preowned),19.00,Action,Xbox 360,PG
A Way Out (preowned),38.00,Action,PlayStation 4,MA
Samurai Warriors 4: Empires (preowned),23.00,Action,PlayStation 4,MA
Ninjabread Man (preowned),15.00,Action,Nintendo Wii,MA
Prince of Persia: The Forgotten Sands (preowned),12.00,Action,Nintendo Wii,MA
Prototype (preowned),18.00,Action,Xbox 360,G
Agents of Mayhem Steelbook Edition,4.00,Action,PlayStation 4,M
Dishonored: Death of the Outsider,9.00,Action,PlayStation 4,MA
Scribblenauts Unmasked: A DC Comics Adventure (preowned),18.00,Action,Nintendo Wii U,M
Planet 51 (preowned),18.00,Action,PlayStation 3,PG
Moonlighter,15.00,Action,PlayStation 4,G
LEGO Jurassic World (preowned),18.00,Action,Xbox 360,PG
LEGO Marvel Super Heroes (preowned),18.00,Action,Nintendo DS,G
Rage 2,68.00,Action,PlayStation 4,MA
Naruto to Boruto: Shinobi Striker,36.00,Action,PlayStation 4,MA
Grand Theft Auto V: Premium Edition,47.00,Action,PlayStation 4,G
For Honor,9.00,Action,Xbox One,M
Dishonored Definitive Edition,9.00,Action,PlayStation 4,MA
Evolve (preowned),7.00,Action,Xbox One,M
Sleeping Dogs (preowned),18.00,Action,Xbox 360,PG
LEGO Lord of the Rings (preowned),18.00,Action,Nintendo Wii,G
Terminator Salvation: The Videogame (preowned),18.00,Action,PlayStation 3,MA
LEGO Lord of the Rings (preowned),18.00,Action,Xbox 360,M
Far Cry Primal - Special Edition,14.97,Action,PlayStation 4,G
The Evil Within,4.00,Action,PlayStation 4,M
The Evil Within,4.00,Action,PC,PG
Death Stranding Special Edition,119.95,Action,PlayStation 4,MA
Rayman Legends (preowned),14.00,Action,Nintendo Wii U,M
Rage 2 (preowned),57.00,Action,Xbox One,MA
ZombiU (preowned),18.00,Action,Nintendo Wii U,MA
Far Cry Primal (preowned),12.00,Action,Xbox One,MA
Pokemon Ultra Sun (preowned),54.00,Action,Nintendo 3DS,MA
Metal Gear Solid V: The Phantom Pain (preowned),18.00,Action,PlayStation 3,G
Pokemon Sun,19.00,Action,Nintendo 3DS,PG
God of War 3 (preowned),12.00,Action,PlayStation 3,M
Spider-Man (preowned),57.00,Action,PlayStation 4,PG
Grand Theft Auto V (preowned),23.00,Action,PlayStation 4,PG
Saints Row the Third (preowned),18.00,Action,Xbox One,MA
Control Limited Edition,114.95,Action,PlayStation 4,G
Fire Emblem: Warriors (preowned),57.00,Action,Nintendo Switch,G
For Honor (preowned),7.00,Action,PlayStation 4,MA
Gravity Rush Remastered (preowned),23.00,Action,PlayStation 4,M
Assassin's Creed III Remastered,47.00,Action,Nintendo Switch,G
Naruto Ultimate Ninja Storm 3 (preowned),18.00,Action,Xbox 360,G
Bully: Scholarship Edition (preowned),23.00,Action,Xbox One,PG
L.A. Noire (preowned),36.00,Action,Nintendo Switch,G
Assassin's Creed: Odyssey,28.00,Action,PlayStation 4,M
Epic Mickey 2: The Power of Two (preowned),18.00,Action,PlayStation 3,M
Marvel Ultimate Alliance 3,79.95,Action,Nintendo Switch,PG
DOOM,57.00,Action,Nintendo Switch,M
Saints Row The Third - The Full Package,59.95,Action,Nintendo Switch,G
Shadow of the Tomb Raider Steelbook Edition,29.97,Action,PlayStation 4,G
Dragon Quest Heroes II Explorer's Edition,15.00,Action,PlayStation 4,MA
Dark Souls Prepare to Die Edition (preowned),18.00,Action,Xbox 360,MA
Red Dead Redemption 2,68.00,Action,Xbox One,G
Rayman Legends,19.00,Action,PlayStation 4,MA
LEGO Marvel Super Heroes (preowned),18.00,Action,Xbox 360,PG
Assassin's Creed III Remastered,36.00,Action,Xbox One,G
God of War (preowned),57.00,Action,PlayStation 4,G
Astral Chain,79.95,Action,Nintendo Switch,M
Beyond Two Souls (preowned),19.00,Action,PlayStation 4,M
Devil's Third (preowned),18.00,Action,Nintendo Wii U,M
L.A. Noire,36.00,Action,Nintendo Switch,MA
inFAMOUS: Second Son (preowned),15.00,Action,PlayStation 4,MA
LEGO Marvel Super Heroes (preowned),18.00,Action,PlayStation 3,G
Dead By Daylight (preowned),28.00,Action,Xbox One,M
Anthem: Legion of Dawn Edition,19.00,Action,Xbox One,PG
Batman Arkham City: Armoured Edition (preowned),18.00,Action,Nintendo Wii U,G
The Evil Within (preowned),7.00,Action,PlayStation 4,PG
Far Cry 5 (preowned),19.00,Action,PlayStation 4,MA
The Simpsons Game (preowned),18.00,Action,Nintendo DS,G
Far Cry 5 (preowned),19.00,Action,Xbox One,M
The Amazing Spider-Man 2 (preowned),68.00,Action,PlayStation 4,PG
LEGO Indiana Jones: The Original Adventures (preowned),18.00,Action,Xbox One,M
Ratchet & Clank,24.95,Action,PlayStation 4,G
LEGO Jurassic World,59.95,Action,Nintendo Switch,PG
Mafia II (preowned),18.00,Action,PlayStation 3,M
The Evil Within,4.00,Action,Xbox One,G
Skylanders SWAP Force Portal Pack (preowned),15.00,Action,Xbox 360,PG
Grand Theft Auto IV: The Complete Edition (preowned),18.00,Action,Xbox One,PG
Marvel Super Hero Squad (preowned),18.00,Action,Nintendo Wii,PG
Anthem,19.00,Action,PC,MA
The Evil Within 2,19.00,Action,PlayStation 4,G
LEGO Marvel's Avengers (preowned),21.00,Action,PlayStation 3,M
Middle-Earth: Shadow of War,15.00,Action,Xbox One,MA
Doom 3 - BFG Edition (preowned),18.00,Action,PlayStation 3,MA
Ratchet & Clank Future: Tools of Destruction (preowned),18.00,Action,PlayStation 3,G
Assassin's Creed IV: Black Flag,14.97,Action,PlayStation 4,PG
Shadow of Mordor: Game of the Year Edition,15.00,Action,Xbox One,G
Sekiro: Shadows Die Twice (preowned),77.00,Action,PlayStation 4,PG
Rare Replay,19.00,Action,Xbox One,M
Super Smash Bros. Brawl (preowned),57.00,Action,Nintendo Wii,MA
LEGO Jurassic World,24.97,Action,PlayStation 4,PG
DOOM,19.97,Action,PlayStation 4,MA
Rage 2 (preowned),57.00,Action,PlayStation 4,PG
Bayonetta (preowned),18.00,Action,Nintendo Wii U,PG
Bloodborne Game Of The Year Edition,39.95,Action,PlayStation 4,MA
God of War: Ascension (preowned),18.00,Action,PlayStation 3,PG
Wolfenstein: Cyberpilot,39.95,Action,PlayStation 4,MA
Red Dead Redemption: Game of the Year Edition (preowned),23.00,Action,Xbox One,M
Star Wars: The Force Unleashed (preowned),18.00,Action,Xbox One,M
Sonic Rush (preowned),17.00,Action,Nintendo DS,G
Star Wars: The Force Unleashed II (preowned),18.00,Action,PlayStation 3,M
Disney Universe (preowned),18.00,Action,Xbox 360,G
Past Cure,4.00,Action,PlayStation 4,MA
Far Cry Primal - Special Edition,14.97,Action,Xbox One,MA
Assassin's Creed 2 (preowned),15.00,Action,Xbox One,G
Pokemon Sun (preowned),19.00,Action,Nintendo 3DS,M
Ratchet & Clank (preowned),19.00,Action,PlayStation 4,M
Cabela's Big Game Hunter 2010 (preowned),18.00,Action,Nintendo Wii,MA
Pokemon Moon,19.97,Action,Nintendo 3DS,M
Assassin's Creed: Origins,24.97,Action,PlayStation 4,PG
Assassin's Creed: Odyssey,28.00,Action,Xbox One,M
Days Gone - Special Edition,119.95,Action,PlayStation 4,PG
Assassin's Creed: Syndicate Special Edition,19.00,Action,PlayStation 4,PG
Anthem: Legion of Dawn Edition,19.00,Action,PlayStation 4,G
Ben 10: Alien Force (preowned),18.00,Action,Nintendo Wii,PG
Kirby Triple Deluxe,29.95,Action,Nintendo 3DS,MA
Ace Combat 7: Skies Unknown,77.00,Action,Xbox One,G
LEGO Marvel's Avengers,24.97,Action,Xbox One,MA
Astral Chain Collectors Edition,129.95,Action,Nintendo Switch,M
Mafia III (preowned),12.00,Action,PlayStation 4,M
Skylanders Giants Game Disc (preowned),8.00,Action,Xbox 360,M
Dark Souls III (preowned),28.00,Action,PlayStation 4,M
Red Dead Redemption 2 (preowned),57.00,Action,Xbox One,MA
Yakuza Kiwami 2 Steelbook Edition (preowned),34.00,Action,PlayStation 4,M
Pokemon Ranger: Shadows of Almia (preowned),28.00,Action,Nintendo DS,M
Watch_Dogs 2 (preowned),15.00,Action,PlayStation 4,MA
Anthem,19.00,Action,PlayStation 4,MA
Star Wars: The Force Unleashed (preowned),18.00,Action,PlayStation 3,PG
Toy Story 3 (preowned),28.00,Action,PlayStation 3,G
Splinter Cell: Blacklist (preowned),18.00,Action,Nintendo Wii U,M
Crysis 3 (preowned),18.00,Action,PlayStation 3,M
Sekiro: Shadows Die Twice,99.95,Action,PlayStation 4,PG
LEGO Batman 2: DC Super Heroes (preowned),18.00,Action,Nintendo DS,MA
GoldenEye 007 (preowned),14.00,Action,Nintendo Wii,MA
Just Cause 4 Steelbook Edition,29.97,Action,PlayStation 4,PG
The Legend of Zelda: The Wind Waker HD (preowned),48.00,Action,Nintendo Wii U,MA
Pokemon Alpha Sapphire (preowned),48.00,Action,Nintendo 3DS,M
Assassin's Creed (preowned),10.00,Action,Xbox One,MA
Grand Theft Auto V (preowned),19.00,Action,Xbox 360,MA
Crysis 3 (preowned),18.00,Action,Xbox One,PG
The Last of Us Remastered (preowned),19.00,Action,PlayStation 4,G
Middle-Earth: Shadow of Mordor (preowned),15.00,Action,PlayStation 4,PG
Pokemon Y (preowned),48.00,Action,Nintendo 3DS,M
LEGO Marvel Super Heroes,19.97,Action,PlayStation 4,M
Assassin's Creed Unity Special Edition,19.00,Action,PlayStation 4,G
DOOM,15.00,Action,Xbox One,PG
LEGO Batman 2: DC Super Heroes (preowned),16.00,Action,Nintendo Wii,MA
Grand Theft Auto V (preowned),23.00,Action,Xbox One,MA
DAEMON X MACHINA Orbital Limited Edition,159.95,Action,Nintendo Switch,G
PlayStation VR Worlds (preowned),19.00,Action,PlayStation 4,PG
Grand Theft Auto V: Premium Edition,47.00,Action,Xbox One,PG
Darksiders 3,57.00,Action,Xbox One,PG
Grand Theft Auto IV: The Complete Edition (preowned),18.00,Action,PlayStation 3,M
State of Decay 2 Collector's Edition,68.00,Action,Xbox One,M
LEGO Marvel's Avengers,9.00,Action,Xbox 360,MA
Grand Theft Auto: Episodes From Liberty City (preowned),18.00,Action,Xbox One,G
Rise of the Tomb Raider: 20 Year Celebration Edition,23.00,Action,PlayStation 4,MA
Super Smash Bros. (preowned),36.00,Action,Nintendo 3DS,M
Assassin's Creed IV: Black Flag (preowned),18.00,Action,PlayStation 3,M
Minecraft - Xbox One Edition (preowned),25.00,Action,Xbox One,PG
Grand Theft Auto V,28.00,Action,Xbox One,G
Scribblenauts Unlimited (preowned),18.00,Action,Nintendo Wii U,G
Far Cry 5,24.97,Action,PC,PG
The Evil Within 2 (preowned),9.00,Action,Xbox One,PG
Dark Souls: Remastered,59.95,Action,Nintendo Switch,G
Starlink: Battle for Atlas (preowned),24.00,Action,Nintendo Switch,G
Minecraft - Switch Edition (preowned),34.00,Adventure,Nintendo Switch,MA
The Walking Dead: A Telltale Games Series GOTY Edition (preowned),23.00,Adventure,PlayStation 4,PG
Crash Bandicoot: N-Sane Trilogy (preowned),42.00,Adventure,Nintendo Switch,PG
The Legend of Zelda: Link's Awakening,79.95,Adventure,Nintendo Switch,PG
Minecraft: Starter Collection,39.95,Adventure,Xbox One,MA
The Legend of Zelda: Link's Awakening Limited Edition,109.95,Adventure,Nintendo Switch,MA
Ark Survival Evolved (preowned),47.00,Adventure,Xbox One,M
Ark Survival Evolved,57.00,Adventure,PlayStation 4,PG
The Legend of Zelda - Tri Force Heroes,14.97,Adventure,Nintendo 3DS,M
No Man's Sky (preowned),28.00,Adventure,PlayStation 4,G
No Man's Sky,57.00,Adventure,Xbox One,M
The Legend of Zelda: Twilight Princess HD (preowned),36.00,Adventure,Nintendo Wii U,MA
Minecraft - Switch Edition,39.95,Adventure,Nintendo Switch,MA
Spyro: Reignited Trilogy Special Edition,57.00,Adventure,Xbox One,G
Subnautica,47.00,Adventure,PlayStation 4,G
Shadow of the Tomb Raider,29.97,Adventure,PlayStation 4,M
Rayman Legends Definitive Edition,24.97,Adventure,Nintendo Switch,M
LEGO Star Wars: The Force Awakens,24.97,Adventure,Xbox One,M
Ark Survival Evolved,57.00,Adventure,Xbox One,G
Donkey Kong Tropical Freeze,79.95,Adventure,Nintendo Switch,G
Star Fox Zero (preowned),18.00,Adventure,Nintendo Wii U,PG
Detective Pikachu (preowned),48.00,Adventure,Nintendo 3DS,PG
LEGO Harry Potter: Years 5-7 (preowned),28.00,Adventure,Nintendo 3DS,MA
Conan Exiles (preowned),47.00,Adventure,PlayStation 4,MA
Uncharted: The Lost Legacy (preowned),23.00,Adventure,PlayStation 4,M
Minecraft: Wii U Edition (preowned),34.00,Adventure,Nintendo Wii U,M
Crash Bandicoot: N-Sane Trilogy (preowned),42.00,Adventure,PlayStation 4,M
Monster Hunter Generations Ultimate,77.00,Adventure,Nintendo Switch,MA
The Legend of Zelda: Breath of the Wild (preowned),84.00,Adventure,Nintendo Switch,G
Detroit: Become Human (preowned),57.00,Adventure,PlayStation 4,PG
Spyro: Reignited Trilogy Special Edition,57.00,Adventure,PlayStation 4,PG
LittleBigPlanet 3 (preowned),15.00,Adventure,PlayStation 4,PG
New Super Mario Bros. 2 (preowned),36.00,Adventure,Nintendo 3DS,MA
Puss in Boots (preowned),18.00,Adventure,Xbox 360,G
Spyro: Reignited Trilogy (preowned),42.00,Adventure,Xbox One,G
Toy Story 3 (preowned),14.00,Adventure,Nintendo DS,G
Crash Bandicoot: N-Sane Trilogy,47.00,Adventure,PlayStation 4,PG
The Binding of Isaac: Afterbirth+ (preowned),12.00,Adventure,PlayStation 4,G
LEGO Marvel Super Heroes 2,44.97,Adventure,Nintendo Switch,G
The LEGO Movie 2 Video Game,36.00,Adventure,PlayStation 4,M
Skylanders Trap Team Game Disc & Portal (preowned),18.00,Adventure,Nintendo Wii U,PG
Spyro: Reignited Trilogy,47.00,Adventure,Xbox One,PG
Captain Toad: Treasure Tracker,47.00,Adventure,Nintendo Switch,PG
LEGO NINJAGO Movie Video Game,24.97,Adventure,PlayStation 4,M
Digimon Story Cyber Sleuth - Hacker's Memory,19.00,Adventure,PlayStation 4,M
Minecraft PlayStation 4 Edition (preowned),34.00,Adventure,PlayStation 4,M
Minecraft: Xbox 360 Edition (preowned),23.00,Adventure,Xbox 360,M
Minecraft PlayStation 3 Edition (preowned),34.00,Adventure,PlayStation 3,M
New Super Mario Bros U Deluxe,79.95,Adventure,Nintendo Switch,M
Minecraft PlayStation 4 Edition,39.95,Adventure,PlayStation 4,PG
The Legend of Zelda: Breath of the Wild,89.95,Adventure,Nintendo Switch,PG
The Legend of Zelda: Majora's Mask 3D (preowned),48.00,Adventure,Nintendo 3DS,PG
South Park: The Fractured But Whole,15.00,Adventure,PlayStation 4,MA
Skylanders SuperChargers Portal and Game Disc (preowned),9.00,Adventure,PlayStation 4,G
Skylanders: Imaginators Portal and Game Disc (preowned),23.00,Adventure,PlayStation 4,G
Kirby Star Allies (preowned),68.00,Adventure,Nintendo Switch,PG
Subnautica,47.00,Adventure,Xbox One,PG
Epic Mickey (preowned),18.00,Adventure,Nintendo Wii,M
Spyro: Reignited Trilogy,69.95,Adventure,Nintendo Switch,MA
Pokemon Omega Ruby (preowned),48.00,Adventure,Nintendo 3DS,M
Sonic Forces and Sonic Mania Plus: Double Pack,68.00,Adventure,Nintendo Switch,M
Crash Bandicoot: N-Sane Trilogy Golden TOTAKU' Edition,47.00,Adventure,Xbox One,PG
Crash Bandicoot: N-Sane Trilogy,47.00,Adventure,Nintendo Switch,G
Batman - The Telltale Series,9.00,Adventure,PlayStation 4,PG
Kinect: Disneyland Adventures (preowned),18.00,Adventure,Xbox 360,MA
LittleBigPlanet 2 (preowned),18.00,Adventure,PlayStation 3,PG
The LEGO Movie 2 Video Game,36.00,Adventure,Nintendo Switch,PG
Wonder Boy: The Dragon's Trap,36.00,Adventure,Nintendo Switch,G
LEGO Marvel Super Heroes 2,44.97,Adventure,Xbox One,M
Heavy Rain (preowned),18.00,Adventure,PlayStation 3,G
Nintendo Labo VR Kit - Starter Set & Blaster,59.95,Family,Nintendo Switch,PG
Overcooked 2,47.00,Family,Nintendo Switch,MA
LEGO Harry Potter Collection,36.00,Family,Xbox One,G
Tomodachi Life,29.95,Family,Nintendo 3DS,MA
LEGO Harry Potter Collection,28.00,Family,PlayStation 4,MA
Nintendo Labo VR Kit - Complete Kit,119.95,Family,Nintendo Switch,MA
Fitness Boxing,47.00,Family,Nintendo Switch,M
Kinectimals (preowned),18.00,Family,Xbox 360,M
The Smurfs 2 (preowned),18.00,Family,Nintendo Wii,M
Hasbro Family Fun Pack,19.97,Family,PlayStation 4,MA
Overcooked 2 (preowned),36.00,Family,Nintendo Switch,G
Skate It (preowned),18.00,Family,Nintendo Wii,MA
Wii Play (preowned),9.00,Family,Nintendo Wii,G
LEGO DC Super Villains (preowned),36.00,Family,PlayStation 4,M
Hasbro Game Night,47.00,Family,Nintendo Switch,PG
Super Mario Party,79.95,Family,Nintendo Switch,M
Monopoly for Nintendo Switch,24.97,Family,Nintendo Switch,MA
WarioWare Gold (preowned),36.00,Family,Nintendo 3DS,PG
Big Family Games (preowned),18.00,Family,Nintendo Wii,M
LEGO DC Super Villains,44.97,Family,Xbox One,MA
LEGO Batman (preowned),18.00,Family,Xbox One,G
LEGO DC Super Villains,44.97,Family,PlayStation 4,PG
LEGO Harry Potter Collection,47.00,Family,Nintendo Switch,PG
Carnival Games (preowned),14.00,Family,Nintendo Wii,MA
LEGO The Incredibles,44.97,Family,Xbox One,MA
Mario Party 10 (preowned),36.00,Family,Nintendo Wii U,G
Carnival Games,24.97,Family,PlayStation 4,MA
GO VACATION,36.00,Family,Nintendo Switch,G
Animal Crossing Happy Home Designer (preowned),28.00,Family,Nintendo 3DS,G
LEGO DC Super Villains Deluxe Edition,54.97,Family,Xbox One,M
LEGO The Incredibles,44.97,Family,PlayStation 4,MA
Mortal Kombat 11 Standard+ Edition,57.00,Fighting,PlayStation 4,G
Dragon Ball FighterZ,68.00,Fighting,Nintendo Switch,M
Dissidia Final Fantasy NT,9.00,Fighting,PlayStation 4,PG
Mortal Kombat XL (preowned),28.00,Fighting,Xbox One,M
Super Smash Bros. Ultimate,89.95,Fighting,Nintendo Switch,MA
ARMS (preowned),47.00,Fighting,Nintendo Switch,MA
Jump Force,68.00,Fighting,Xbox One,M
Mortal Kombat 11 Premium Edition,108.00,Fighting,Xbox One,M
Dragon Ball Xenoverse (preowned),23.00,Fighting,PlayStation 4,PG
Dragon Ball Xenoverse 2 (preowned),57.00,Fighting,Xbox One,PG
Dragon Ball Xenoverse 2 (preowned),57.00,Fighting,PlayStation 4,M
Fight Night Champion (preowned),18.00,Fighting,Xbox One,PG
Tekken 7,47.00,Fighting,PlayStation 4,G
Injustice: Gods Among Us Ultimate Edition,15.00,Fighting,PlayStation 4,M
Samurai Shodown,89.95,Fighting,PlayStation 4,MA
Street Fighter 30th Anniversary Collection,47.00,Fighting,Nintendo Switch,M
Dynasty Warriors 7 (preowned),18.00,Fighting,Xbox 360,M
Injustice 2: Legendary Edition,36.00,Fighting,PlayStation 4,PG
Mortal Kombat XL,36.00,Fighting,PlayStation 4,M
Super Smash Bros. (preowned),36.00,Fighting,Nintendo Wii U,M
Hello Neighbor: Hide & Seek (preowned),42.00,Horror,Nintendo Switch,PG
Resident Evil 2,68.00,Horror,PlayStation 4,G
Just Dance (preowned),13.00,Music,Nintendo Wii,M
Guitar Hero Live (preowned),48.00,Music,PlayStation 4,G
Disney Sing It: Family Hits - Standalone (preowned),18.00,Music,Nintendo Wii,MA
Just Dance 2 (preowned),18.00,Music,Nintendo Wii,G
SingStar Pop Edition (preowned),18.00,Music,PlayStation 3,M
Just Dance 2015 (preowned),18.00,Music,Nintendo Wii U,G
Just Dance 4 (preowned),18.00,Music,Nintendo Wii U,PG
Guitar Hero 5 Game Disc (preowned),18.00,Music,PlayStation 3,M
Guitar Hero Live for Xbox One (preowned),48.00,Music,Xbox One,G
Wii Music (preowned),12.00,Music,Nintendo Wii,PG
Just Dance 2019 (preowned),28.00,Music,Nintendo Switch,G
Just Dance 2019,19.00,Music,Xbox 360,G
Just Dance 2019,28.00,Music,PlayStation 4,MA
Just Dance 2019,36.00,Music,Nintendo Switch,M
Just Dance 2018 (preowned),17.00,Music,Xbox One,M
Guitar Hero 3: Legends of Rock Stand Alone (preowned),12.00,Music,PlayStation 3,PG
LEGO Rock Band (preowned),17.00,Music,Xbox 360,PG
Super Mario Maker 2 Limited Edition,94.95,Puzzle,Nintendo Switch,M
Super Mario Maker 2,79.95,Puzzle,Nintendo Switch,G
Snipperclips Plus,28.00,Puzzle,Nintendo Switch,G
Crash Team Racing Nitro-Fueled (preowned),64.00,Racing,PlayStation 4,M
Burnout Paradise Remastered,19.97,Racing,Xbox One,MA
Assetto Corsa: Ultimate Edition,36.00,Racing,Xbox One,MA
Project CARS 2 (preowned),23.00,Racing,PlayStation 4,M
Gran Turismo Sport Day One Edition,36.00,Racing,PlayStation 4,G
Wreckfest,69.95,Racing,PlayStation 4,PG
DiRT 3 Complete Edition (preowned),18.00,Racing,PlayStation 3,PG
MotoGP18,36.00,Racing,Nintendo Switch,PG
DriveClub (preowned),9.00,Racing,PlayStation 4,M
Wreckfest Deluxe Edition,99.95,Racing,PlayStation 4,M
Gravel,15.00,Racing,PlayStation 4,MA
The Crew (preowned),9.00,Racing,PlayStation 4,PG
Gear Club 2 Unlimited,47.00,Racing,Nintendo Switch,G
Onrush Day One Edition,9.97,Racing,PlayStation 4,G
The Crew 2,28.00,Racing,Xbox One,MA
Phar Lap Horse Racing Challenge (preowned),28.00,Racing,Xbox One,M
Forza Motorsport 6,19.00,Racing,Xbox One,MA
Need for Speed: Rivals (preowned),12.00,Racing,PlayStation 4,PG
Forza Horizon 2 Ten Year Anniversary Edition,15.00,Racing,Xbox One,MA
Project CARS 2 Limited Edition,28.00,Racing,PlayStation 4,G
Monster Energy Supercross - The Official Videogame,28.00,Racing,Xbox One,MA
Sonic & SEGA All-Stars Racing (preowned),24.00,Racing,Xbox 360,MA
Rocket League: Collector's Edition (2017),47.00,Racing,Xbox One,PG
Trials Rising Gold Edition,28.00,Racing,Nintendo Switch,G
Onrush Day One Edition,9.97,Racing,Xbox One,G
Forza Horizon 2 (preowned),36.00,Racing,Xbox 360,M
Need for Speed: Pro Street (preowned),18.00,Racing,PlayStation 3,MA
Team Sonic Racing,47.00,Racing,PlayStation 4,G
Mario Kart 7 (preowned),58.00,Racing,Nintendo 3DS,G
Gran Turismo 6 (preowned),18.00,Racing,PlayStation 3,PG
Need for Speed SHIFT (preowned),17.00,Racing,PlayStation 3,G
F1 2019 Anniversary Edition,99.95,Racing,Xbox One,PG
Forza Horizon 2 (preowned),12.00,Racing,Xbox One,PG
Team Sonic Racing,47.00,Racing,Nintendo Switch,M
Need for Speed Payback,28.00,Racing,PlayStation 4,PG
Crash Team Racing Nitro-Fuelled,69.95,Racing,Nintendo Switch,G
Need for Speed The Run (preowned),18.00,Racing,Xbox 360,PG
Assetto Corsa: Ultimate Edition (preowned),28.00,Racing,PlayStation 4,G
Redout: Lightspeed Edition,4.00,Racing,PlayStation 4,PG
Phar Lap Horse Racing Challenge,36.00,Racing,PlayStation 4,MA
Dirt Rally 2.0,49.97,Racing,PlayStation 4,PG
Forza Horizon 4,49.97,Racing,Xbox One,PG
Team Sonic Racing,47.00,Racing,Xbox One,M
Forza Horizon 3 (preowned),28.00,Racing,Xbox One,G
F1 2019 Anniversary Edition,99.95,Racing,PlayStation 4,G
Sonic & SEGA All-Stars Racing (preowned),24.00,Racing,Nintendo Wii,G
The Witcher 2: Enhanced Edition (preowned),23.00,Role Playing,Xbox One,G
Kingdom Hearts III,57.00,Role Playing,Xbox One,PG
Fire Emblem: Echoes - Shadows of Valentia (preowned),48.00,Role Playing,Nintendo 3DS,M
Dragon Quest Builders 2,79.95,Role Playing,PlayStation 4,PG
Assassin's Creed The Ezio Collection,19.00,Role Playing,Xbox One,PG
Pokemon Let's Go! Eevee,79.95,Role Playing,Nintendo Switch,MA
Digimon: Cyber Sleuth Complete Edition,79.95,Role Playing,Nintendo Switch,PG
The Elder Scrolls Online: Elsweyr,99.95,Role Playing,Xbox One,MA
Persona 4 Golden (preowned),48.00,Role Playing,PlayStation Vita,PG
Octopath Traveler (preowned),68.00,Role Playing,Nintendo Switch,MA
Assassin's Creed The Ezio Collection,19.00,Role Playing,PlayStation 4,G
Pokemon - Sword,79.95,Role Playing,Nintendo Switch,PG
Fallout 76 (preowned),9.00,Role Playing,PlayStation 4,G
Dante's Inferno (preowned),18.00,Role Playing,PlayStation 3,M
Fable II (preowned),14.00,Role Playing,Xbox One,MA
Diablo III: Eternal Collection,39.97,Role Playing,PlayStation 4,MA
Pokemon White Version 2 (preowned),48.00,Role Playing,Nintendo DS,PG
Ni No Kuni: Wrath of the White Witch,89.95,Role Playing,Nintendo Switch,M
South Park: The Fractured But Whole,15.00,Role Playing,Xbox One,MA
Diablo III Eternal Collection (preowned),57.00,Role Playing,Nintendo Switch,M
Skyrim VR (preowned),27.00,Role Playing,PlayStation 4,M
Ni No Kuni II: Revenant Kingdom,24.97,Role Playing,PlayStation 4,PG
The Witcher 3: Wild Hunt Game of the Year Edition,49.95,Role Playing,PC,PG
The Elder Scrolls V: Skyrim - Special Edition (preowned),28.00,Role Playing,Xbox One,G
Persona Q2: New Cinema Labyrinth,59.95,Role Playing,Nintendo 3DS,M
The Outer Worlds,89.95,Role Playing,PlayStation 4,M
Kingdom Hearts: The Story So Far,47.00,Role Playing,PlayStation 4,PG
Catherine: Full Body Steelbook Edition,99.95,Role Playing,PlayStation 4,MA
Fire Emblem: Three Houses,79.95,Role Playing,Nintendo Switch,MA
Mass Effect: Andromeda,15.00,Role Playing,PlayStation 4,M
Elder Scrolls V: Skyrim,79.95,Role Playing,Nintendo Switch,M
Dragon Quest XI: Echoes of an Elusive Age - Edition of Light,47.00,Role Playing,PlayStation 4,PG
Collection of Mana,59.95,Role Playing,Nintendo Switch,M
Final Fantasy XIII (preowned),18.00,Role Playing,Xbox One,MA
South Park: The Fractured But Whole,23.00,Role Playing,Nintendo Switch,M
My Time at Portia,49.95,Role Playing,PlayStation 4,M
The Elder Scrolls V: Skyrim - Special Edition,36.00,Role Playing,PlayStation 4,PG
Deus Ex: Mankind Divided (preowned),7.00,Role Playing,PlayStation 4,G
Final Fantasy VII Remake Deluxe Edition,129.95,Role Playing,PlayStation 4,PG
Deus Ex: Mankind Divided,4.00,Role Playing,PlayStation 4,G
Fallout 4 (preowned),14.00,Role Playing,PlayStation 4,G
Divinity: Original Sin Enhanced Edition (preowned),36.00,Role Playing,PlayStation 4,MA
The Witcher 3: Wild Hunt Game of the Year Edition,49.95,Role Playing,Xbox One,G
Pokemon - Shield,79.95,Role Playing,Nintendo Switch,MA
Octopath Traveler,77.00,Role Playing,Nintendo Switch,G
Fallout New Vegas: Ultimate Edition (preowned),19.00,Role Playing,PlayStation 3,MA
Final Fantasy XV Royal Edition,28.00,Role Playing,PlayStation 4,PG
Outward,47.00,Role Playing,PlayStation 4,G
Xenoblade Chronicles 2: Torna the Golden Country,47.00,Role Playing,Nintendo Switch,M
Cyberpunk 2077 Day One Edition,109.95,Role Playing,Xbox One,M
Pokemon Pearl (preowned),48.00,Role Playing,Nintendo DS,PG
Final Fantasy XII: The Zodiac Age,79.95,Role Playing,Nintendo Switch,G
Deus Ex: Mankind Divided,4.00,Role Playing,Xbox One,PG
South Park: The Fractured But Whole (preowned),12.00,Role Playing,Xbox One,PG
Fallout 76 Tricentennial Edition,29.97,Role Playing,Xbox One,M
Persona 5 (preowned),36.00,Role Playing,PlayStation 4,G
Final Fantasy XII - The Zodiac Age,15.00,Role Playing,PlayStation 4,PG
Danganronpa Another Episode: Ultra Despair Girls,19.95,Role Playing,PlayStation 4,MA
Darkest Dungeon Collector's Edition,36.00,Role Playing,Nintendo Switch,PG
Pokemon Platinum (preowned),48.00,Role Playing,Nintendo DS,MA
The Legend of Zelda: Ocarina of Time 3D (preowned),24.00,Role Playing,Nintendo 3DS,MA
Pokemon Sword and Pokemon Shield Dual Pack,159.95,Role Playing,Nintendo Switch,MA
Persona 5,47.00,Role Playing,PlayStation 4,M
Dragon Quest Builders 2,79.95,Role Playing,Nintendo Switch,MA
The World Ends With You: Final Remix,57.00,Role Playing,Nintendo Switch,PG
Final Fantasy XIII-2 (preowned),18.00,Role Playing,Xbox One,PG
Witcher 3: Wild Hunt - Complete Edition,99.95,Role Playing,Nintendo Switch,G
Divinity: Original Sin 2 - Definitive Edition,47.00,Role Playing,PlayStation 4,G
The Elder Scrolls Online: Morrowind,19.00,Role Playing,PC,M
Fallout 4 (Game of the Year Edition),14.97,Role Playing,PC,PG
Fallout 4 (Game of the Year Edition),24.97,Role Playing,Xbox One,PG
Animal Crossing New Horizons (Placeholder Price),99.95,Role Playing,Nintendo Switch,G
The Elder Scrolls V: Skyrim - Special Edition,36.00,Role Playing,Xbox One,PG
Nier: Automata,36.00,Role Playing,PlayStation 4,PG
Pokemon Diamond (preowned),48.00,Role Playing,Nintendo DS,M
The Witcher 3: Wild Hunt (preowned),28.00,Role Playing,Xbox One,MA
Final Fantasy XV Royal Edition,28.00,Role Playing,Xbox One,MA
Kingdom Hearts III Deluxe Edition,88.00,Role Playing,PlayStation 4,PG
Star Wars Jedi: Fallen Order Deluxe Edition,119.95,Role Playing,Xbox One,G
Kingdom Hearts III,57.00,Role Playing,PlayStation 4,PG
Final Fantasy XIV: The Complete Edition,89.95,Role Playing,PlayStation 4,MA
Pokemon Let's Go! Pikachu,79.95,Role Playing,Nintendo Switch,G
Kingdom Hearts 1.5 + 2.5 Remix,29.97,Role Playing,PlayStation 4,G
Darkest Dungeon: Ancestral Edition,9.00,Role Playing,PlayStation 4,PG
The Elder Scrolls V: Skyrim Legendary Edition (preowned),18.00,Role Playing,PlayStation 3,G
Dragon Quest XI: Echoes of an Elusive Age (preowned),36.00,Role Playing,PlayStation 4,PG
DRAGON QUEST XI S: Echoes of an Elusive Age - Definitive Edition,79.95,Role Playing,Nintendo Switch,MA
Diablo III: Eternal Collection,39.97,Role Playing,Xbox One,G
Kingdoms of Amalur: Reckoning (preowned),18.00,Role Playing,PlayStation 3,MA
World of Warcraft: Battle for Azeroth - Collector's Edition,72.47,Role Playing,PC,M
The Elder Scrolls Online: Elsweyr,99.95,Role Playing,PC,PG
Dragon Age II (preowned),18.00,Role Playing,PlayStation 3,PG
Final Fantasy X / X-2 HD Remaster,79.95,Role Playing,Nintendo Switch,G
My Time at Portia,69.95,Role Playing,Nintendo Switch,M
Pokemon Let's Go! Pikachu (preowned),74.00,Role Playing,Nintendo Switch,MA
Borderlands The Handsome Collection,28.00,Shooter,Xbox One,G
Halo 5: Guardians,15.00,Shooter,Xbox One,MA
Call of Duty: Black Ops 4 (preowned),32.00,Shooter,Xbox One,PG
Destiny 2 Steel Case Bundle,9.00,Shooter,PC,M
Borderlands 3 Deluxe Edition,129.95,Shooter,PlayStation 4,M
Call of Duty: Modern Warfare Remastered,47.00,Shooter,Xbox One,PG
HITMAN: Definitive Edition,34.97,Shooter,Xbox One,PG
Blood and Truth VR,54.95,Shooter,PlayStation 4,PG
Wolfenstein: Youngblood Deluxe Edition,69.95,Shooter,PlayStation 4,M
Battlefield 3 (preowned),18.00,Shooter,Xbox One,M
Call of Duty: Infinite Warfare (preowned),9.00,Shooter,Xbox One,M
Tom Clancy's The Division 2 (preowned),47.00,Shooter,PlayStation 4,MA
Overwatch Legendary Edition,29.97,Shooter,PlayStation 4,PG
Doom Eternal Collector's Edition,369.95,Shooter,Xbox One,PG
Star Wars Battlefront 2,14.97,Shooter,PlayStation 4,G
Call of Duty: WWII (preowned),23.00,Shooter,Xbox One,PG
Metro Exodus (preowned),57.00,Shooter,PlayStation 4,M
Halo: Combat Evolved Anniversary (preowned),18.00,Shooter,Xbox One,G
HITMAN: The Complete First Season (preowned),28.00,Shooter,PlayStation 4,PG
Far Cry New Dawn,34.97,Shooter,PC,PG
Borderlands The Handsome Collection,28.00,Shooter,PlayStation 4,M
Tom Clancy's The Division 2 Washington Edition,57.00,Shooter,Xbox One,PG
Call of Duty: Modern Warfare 2 (preowned),12.00,Shooter,PlayStation 3,M
Battlefield 4,9.00,Shooter,Xbox One,G
Plants vs Zombies Garden Warfare 2,19.00,Shooter,Xbox One,M
Tom Clancy's The Division 2 Washington Edition,57.00,Shooter,PlayStation 4,M
Call of Duty Modern Warfare,99.95,Shooter,Xbox One,MA
Call of Duty: Modern Warfare 3 (preowned),15.00,Shooter,PlayStation 3,M
Destiny 2 Steel Case Bundle,9.00,Shooter,PlayStation 4,MA
Rainbow Six: Siege (preowned),12.00,Shooter,Xbox One,M
Tom Clancy's Ghost Recon: Wildlands Year 2 Gold Edition,19.97,Shooter,PlayStation 4,M
HITMAN 2,49.97,Shooter,PlayStation 4,MA
Battlefield 4 (preowned),9.00,Shooter,PlayStation 4,M
Call of Duty: Black Ops - Combo pack,36.00,Shooter,Xbox 360,G
Call of Duty: Black Ops III (preowned),24.00,Shooter,PlayStation 4,MA
Halo 3 (preowned),18.00,Shooter,Xbox One,PG
Gears of War 2 (preowned),8.00,Shooter,Xbox One,G
Borderlands GOTY Edition (preowned),18.00,Shooter,Xbox 360,MA
Call of Duty: Black Ops 4 Specialist Edition,68.00,Shooter,Xbox One,MA
Tom Clancy's Ghost Recon: Breakpoint Auroa Edition,99.95,Shooter,PlayStation 4,M
Destiny 2 (preowned),7.00,Shooter,Xbox One,PG
Battlefield 1 (preowned),9.00,Shooter,Xbox One,MA
F.E.A.R. 3 (preowned),18.00,Shooter,PlayStation 3,M
Call of Duty: Advanced Warfare (preowned),18.00,Shooter,PlayStation 3,M
Call of Duty: Black Ops 4,77.00,Shooter,PlayStation 4,G
Resistance: Fall of Man (preowned),9.00,Shooter,PlayStation 3,MA
HITMAN 2,49.97,Shooter,Xbox One,PG
Wolfenstein II: The New Colossus,28.00,Shooter,PlayStation 4,M
Haze (preowned),14.00,Shooter,PlayStation 3,M
Borderlands 3,99.95,Shooter,PlayStation 4,M
Call of Duty: WWII,36.00,Shooter,PlayStation 4,PG
Doom Eternal Collector's Edition,369.95,Shooter,PlayStation 4,G
Call of Duty: Black Ops II (preowned),18.00,Shooter,PlayStation 3,G
Call of Duty: Black Ops 4,77.00,Shooter,Xbox One,M
Call of Duty: Black Ops - Combo pack (preowned),44.00,Shooter,Xbox One,M
Call of Duty: Advanced Warfare (preowned),12.00,Shooter,Xbox One,G
Call of Duty: Black Ops (preowned),18.00,Shooter,PlayStation 3,MA
Cabela's Alaskan Adventure (preowned),18.00,Shooter,Xbox One,MA
Crysis 2 (preowned),18.00,Shooter,Xbox One,PG
Halo 3: ODST (preowned),18.00,Shooter,Xbox One,M
Killzone: Shadow Fall (preowned),7.00,Shooter,PlayStation 4,PG
Hitman Absolution (preowned),18.00,Shooter,Xbox One,MA
Overwatch Legendary Edition,29.97,Shooter,Xbox One,G
Call of Duty: Black Ops - Combo pack (preowned),23.00,Shooter,PlayStation 3,G
Tom Clancy's Ghost Recon: Breakpoint Ultimate Edition + Nomad figurine,229.00,Shooter,Xbox One,PG
Gears 5,99.95,Shooter,Xbox One,G
Overwatch Legendary Edition,27.47,Shooter,PC,M
Call of Duty: Black Ops III (preowned),24.00,Shooter,Xbox One,PG
Tom Clancy's The Division 2 Lincoln Steelbook Edition,88.00,Shooter,PlayStation 4,PG
Wolfenstein: Youngblood Deluxe Edition,69.95,Shooter,Xbox One,PG
Halo Infinite (Placeholder Price),99.95,Shooter,Xbox One,G
Call of Duty Modern Warfare,99.95,Shooter,PlayStation 4,PG
Far Cry New Dawn,34.97,Shooter,PlayStation 4,M
Tom Clancy's Ghost Recon: Wildlands,19.00,Shooter,Xbox One,MA
Star Wars Battlefront (preowned),7.00,Shooter,PlayStation 4,M
Rainbow Six: Siege,15.00,Shooter,PlayStation 4,PG
Halo 4 (preowned),18.00,Shooter,Xbox One,PG
Borderlands Triple Pack (preowned),18.00,Shooter,PlayStation 3,MA
Call of Duty: World at War (preowned),18.00,Shooter,PlayStation 3,G
Bioshock: The Collection,24.97,Shooter,PlayStation 4,M
Destiny 2: Forsaken - Legendary Collection,49.97,Shooter,Xbox One,G
Fortnite: Deep Freeze Bundle,22.47,Shooter,Xbox One,PG
Wolfenstein: The New Order,9.00,Shooter,Xbox One,MA
Far Cry New Dawn,34.97,Shooter,Xbox One,PG
Call of Duty: Advanced Warfare (preowned),18.00,Shooter,Xbox One,G
Halo: The Master Chief Collection (preowned),19.00,Shooter,Xbox One,PG
Call of Duty: Modern Warfare Remastered,47.00,Shooter,PlayStation 4,PG
Doom Eternal Collector's Edition,369.95,Shooter,PC,PG
Call of Duty: Infinite Warfare - Legacy Edition,19.00,Shooter,Xbox One,G
Far Cry New Dawn (preowned),28.00,Shooter,PlayStation 4,M
Call of Duty: Ghosts (preowned),18.00,Shooter,PlayStation 3,M
Destiny 2: Forsaken - Legendary Collection,49.97,Shooter,PlayStation 4,M
Gears of War Judgment (preowned),18.00,Shooter,Xbox One,PG
Call of Duty: Black Ops 4 (preowned),32.00,Shooter,PlayStation 4,M
Titanfall,4.00,Shooter,Xbox One,MA
Call of Duty: Modern Warfare 3 (preowned),18.00,Shooter,Xbox One,G
Call of Duty Modern Warfare Precision Edition,159.95,Shooter,Xbox One,MA
Far Cry 3: Classic Edition,24.97,Shooter,PlayStation 4,MA
Borderlands 3 Deluxe Edition,129.95,Shooter,Xbox One,PG
Wolfenstein: The New Order,9.00,Shooter,PlayStation 4,MA
Rainbow Six: Siege,15.00,Shooter,Xbox One,PG
Gears of War 3 (preowned),15.00,Shooter,Xbox One,MA
PlayerUnknown's Battlegrounds - Game Preview Edition,15.00,Shooter,Xbox One,G
Battlefield V,36.00,Shooter,PlayStation 4,G
Tom Clancy's Ghost Recon: Breakpoint Ultimate Edition,179.95,Shooter,PlayStation 4,M
Call of Duty: Black Ops II (preowned),18.00,Shooter,Nintendo Wii U,PG
Destiny 2 (preowned),7.00,Shooter,PlayStation 4,MA
Gears 5 Ultimate Edition,119.95,Shooter,Xbox One,MA
Resistance 3 (preowned),15.00,Shooter,PlayStation 3,PG
Battlefield V,36.00,Shooter,Xbox One,MA
Call of Duty: Infinite Warfare - Legacy Edition,19.00,Shooter,PlayStation 4,G
Harvest Moon: Light of Hope,23.00,Simulation,PlayStation 4,MA
theHunter: Call of the Wild (preowned),44.00,Simulation,PlayStation 4,PG
MudRunner (preowned),14.00,Simulation,Xbox One,PG
The Sims 2: Pets (preowned),16.00,Simulation,Nintendo Wii,M
The Sims 4 + Sims 4 Cats & Dogs Bundle,57.00,Simulation,PlayStation 4,MA
Car Mechanic Simulator,49.95,Simulation,Xbox One,PG
The Golf Club 2019,28.00,Simulation,PlayStation 4,MA
The Sims 4 + Cats & Dog Bundle,57.00,Simulation,Xbox One,MA
Birthdays the Beginning (preowned),23.00,Simulation,PlayStation 4,M
Farming Simulator 19,57.00,Simulation,PlayStation 4,G
Harvest Moon: Skytree Village,23.00,Simulation,Nintendo 3DS,PG
LEGO Worlds,36.00,Simulation,Nintendo Switch,M
Air Missions: HIND,36.00,Simulation,PlayStation 4,G
Little Dragons Cafe,34.97,Simulation,Nintendo Switch,MA
The Long Dark Day One Edition,19.00,Simulation,Xbox One,MA
Screamride (preowned),9.00,Simulation,Xbox One,MA
The Sims 4 - Island Living,49.95,Simulation,PC,M
The Sims 4,36.00,Simulation,PlayStation 4,PG
Wii Sports (preowned),18.00,Sport,Nintendo Wii,PG
3D MiniGolf (preowned),58.00,Sport,Nintendo Switch,M
Skate 3,19.00,Sport,PlayStation 3,PG
Big Bash Boom,24.97,Sport,Nintendo Switch,G
Ashes Cricket (preowned),36.00,Sport,Xbox One,PG
WWE 2K20 Deluxe Edition,149.95,Sport,Xbox One,PG
Madden NFL 20,99.95,Sport,Xbox One,M
Tiger Woods PGA Tour 14 (preowned),19.00,Sport,PlayStation 3,PG
NBA 2K20,99.95,Sport,Xbox One,M
AFL Evolution,36.00,Sport,PlayStation 4,G
FIFA 19,36.00,Sport,PlayStation 4,PG
FIFA Street (preowned),18.00,Sport,Xbox 360,G
FIFA 18 (preowned),14.00,Sport,PlayStation 4,MA
Skate 3 (preowned),19.00,Sport,Xbox One,PG
NBA 2K19,49.97,Sport,Nintendo Switch,PG
NBA 2K16 (preowned),18.00,Sport,Xbox 360,G
UFC 3,47.00,Sport,PlayStation 4,M
FIFA 19,36.00,Sport,Nintendo Switch,MA
UFC 3,47.00,Sport,Xbox One,M
WWE 2K19,24.97,Sport,PlayStation 4,G
WWE 2K17 (preowned),14.00,Sport,PlayStation 4,MA
Rocket League Ultimate Edition,47.00,Sport,PlayStation 4,G
Cricket 19,99.95,Sport,Xbox One,PG
Euro Fishing: Collector's Edition,9.00,Sport,Xbox One,G
Madden NFL 20,99.95,Sport,PlayStation 4,G
Rugby League Live 4 (preowned),48.00,Sport,PlayStation 4,G
NBA 2K19 (preowned),32.00,Sport,PlayStation 4,MA
London 2012: The Official Video Game of the Olympic Games (preowned),18.00,Sport,Xbox 360,G
Madden NFL 17 (preowned),18.00,Sport,Xbox 360,PG
NBA 2K19,36.00,Sport,PlayStation 4,PG
FIFA 20,99.95,Sport,Xbox One,MA
Ashes Cricket (preowned),36.00,Sport,PlayStation 4,PG
Cricket 19,99.95,Sport,PlayStation 4,MA
Nickelodeon Fit (preowned),18.00,Sport,Nintendo Wii,G
Skate 3,19.00,Sport,Xbox 360,G
FIFA 19 (preowned),32.00,Sport,PlayStation 4,G
FIFA 20,99.95,Sport,PlayStation 4,M
Rocket League Ultimate Edition,47.00,Sport,Nintendo Switch,PG
Virtua Tennis 4 (preowned),18.00,Sport,PlayStation 3,G
Mario Tennis Aces,68.00,Sport,Nintendo Switch,G
Steep X Games Gold Edition,15.00,Sport,Xbox One,PG
Tony Hawk's Pro Skater 5 (preowned),36.00,Sport,PlayStation 4,G
NBA 2K18 (preowned),12.00,Sport,PlayStation 4,M
FIFA 19,36.00,Sport,Xbox One,PG
NBA 2K20 Legend Edition,149.95,Sport,Xbox One,MA
NBA 2K Playgrounds 2,24.97,Sport,Nintendo Switch,M
Mario & Sonic at the Olympic Games (preowned),18.00,Sport,Nintendo DS,G
WWE 13 (preowned),18.00,Sport,Xbox 360,M
Wii Fit Plus (preowned),15.00,Sport,Nintendo Wii,MA
NBA 2K17,4.00,Sport,PlayStation 4,M
NBA 2K20,99.95,Sport,PlayStation 4,M
Kinect Sports Season Two (preowned),15.00,Sport,Xbox 360,M
FIFA 19 (preowned),32.00,Sport,Xbox One,MA
Mario + Rabbids Kingdom Battle,36.00,Strategy,Nintendo Switch,MA
Civilization VI (preowned),57.00,Strategy,Nintendo Switch,MA
Total War: Three Kingdoms Limited Edition,89.95,Strategy,PC,M
Civilization VI,68.00,Strategy,Nintendo Switch,G
Mutant Year Zero: Road to Eden Deluxe Edition,79.95,Strategy,Nintendo Switch,PG
Lord of the Rings: Conquest (preowned),18.00,Strategy,Xbox 360,MA
Age Of Wonders: Planetfall,69.95,Strategy,PlayStation 4,M
test,50,Action,PS4,PG